{
  "id": 3,
  "icon": "fa-solid fa-crow",
  "tag": "Miniaturas",
  "modelColor": "#6F5034",
  "modelRotation": { "x": -1.5707963267948966, "y": 0, "z": 0 },
  "modelFacing": 3.141592653589793,
  "model3mfRotation": { "x": -1.5707963267948966, "y": 0, "z": 0 },
  "model3mfFacing": 3.141592653589793,
  "card3mfRotation": { "x": -1.5707963267948966, "y": 0, "z": 0 },
  "card3mfFacing": 3.141592653589793
}
